{
  "files": {
    "/Users/mariea/Desktop/PXD003516/chlo_1.mzML.gz": {
      "ROIs": {
        "TMT6_126": {
          "initial_window": 0.01,
          "mz": 126.127725,
          "peak": {
            "assessment": {
              "comment": "Peak found and fit",
              "fraction": 0.8978500612676841,
              "is_found": true
            },
            "extended": {
              "extent": 3,
              "intensity": 6974470477.25,
              "n_spectra": 8060
            },
            "fit": {
              "delta_mz": -3.2168830443879415e-07,
              "delta_ppm": -0.0025504963673830964,
              "intensity": 7512114590.05092,
              "mz": 126.1277246783117,
              "sigma": 7.909155890104183e-05
            },
            "mode_bin": {
              "ibin": 130639,
              "intensity": 4773299200.0,
              "mz": 126.12780000086735,
              "n_spectra": 5400
            }
          },
          "type": "TMT"
        },
        "TMT6_127": {
          "initial_window": 0.01,
          "mz": 127.12476,
          "peak": {
            "assessment": {
              "comment": "Peak found and fit",
              "fraction": 0.9020831012587724,
              "is_found": true
            },
            "extended": {
              "extent": 3,
              "intensity": 7129273704.0,
              "n_spectra": 8098
            },
            "fit": {
              "delta_mz": -0.000236103000077037,
              "delta_ppm": -1.8572542443898183,
              "intensity": 6057823569.325765,
              "mz": 127.12452389699992,
              "sigma": 9.401004395206972e-05
            },
            "mode_bin": {
              "ibin": 135623,
              "intensity": 4366777856.0,
              "mz": 127.12460000090044,
              "n_spectra": 4113
            }
          },
          "type": "TMT"
        },
        "TMT6_128": {
          "initial_window": 0.01,
          "mz": 128.134433,
          "peak": {
            "assessment": {
              "comment": "Peak found and fit",
              "fraction": 0.9047566002005124,
              "is_found": true
            },
            "extended": {
              "extent": 3,
              "intensity": 7465889102.25,
              "n_spectra": 8122
            },
            "fit": {
              "delta_mz": 0.00020597064309413327,
              "delta_ppm": 1.6074574044756047,
              "intensity": 6318907644.497562,
              "mz": 128.1346389706431,
              "sigma": 9.237101541274729e-05
            },
            "mode_bin": {
              "ibin": 140673,
              "intensity": 5781013504.0,
              "mz": 128.13460000093397,
              "n_spectra": 4862
            }
          },
          "type": "TMT"
        },
        "TMT6_129": {
          "initial_window": 0.01,
          "mz": 129.131468,
          "peak": {
            "assessment": {
              "comment": "Peak found and fit",
              "fraction": 0.8991868107385541,
              "is_found": true
            },
            "extended": {
              "extent": 4,
              "intensity": 6736565208.25,
              "n_spectra": 8072
            },
            "fit": {
              "delta_mz": -0.0003047138539500338,
              "delta_ppm": -2.3597180351890197,
              "intensity": 5578413560.117765,
              "mz": 129.13116328614606,
              "sigma": 9.314253196923344e-05
            },
            "mode_bin": {
              "ibin": 145656,
              "intensity": 5161557504.0,
              "mz": 129.13120000096706,
              "n_spectra": 4813
            }
          },
          "type": "TMT"
        },
        "TMT6_130": {
          "initial_window": 0.01,
          "mz": 130.141141,
          "peak": {
            "assessment": {
              "comment": "Peak found and fit",
              "fraction": 0.8936170212765957,
              "is_found": true
            },
            "extended": {
              "extent": 3,
              "intensity": 7021399193.625,
              "n_spectra": 8022
            },
            "fit": {
              "delta_mz": 0.0001857304058319187,
              "delta_ppm": 1.427145977088972,
              "intensity": 4610735633.382612,
              "mz": 130.14132673040584,
              "sigma": 0.00012165603916964809
            },
            "mode_bin": {
              "ibin": 150707,
              "intensity": 3842174464.0,
              "mz": 130.1414000010006,
              "n_spectra": 4972
            }
          },
          "type": "TMT"
        },
        "TMT6_131": {
          "initial_window": 0.01,
          "mz": 131.138176,
          "peak": {
            "assessment": {
              "comment": "Peak found and fit",
              "fraction": 0.8985184360031191,
              "is_found": true
            },
            "extended": {
              "extent": 3,
              "intensity": 7667800270.625,
              "n_spectra": 8066
            },
            "fit": {
              "delta_mz": -0.0001655564590805625,
              "delta_ppm": -1.2624581501008714,
              "intensity": 6659376772.237904,
              "mz": 131.1380104435409,
              "sigma": 8.771347917996711e-05
            },
            "mode_bin": {
              "ibin": 155690,
              "intensity": 6612377088.0,
              "mz": 131.13800000103367,
              "n_spectra": 5926
            }
          },
          "type": "TMT"
        },
        "TMT6plex": {
          "initial_window": 0.01,
          "mz": 230.1702,
          "peak": {
            "assessment": {
              "comment": "Peak found and fit",
              "fraction": 0.8865990865545282,
              "is_found": true
            },
            "extended": {
              "extent": 4,
              "intensity": 5954252151.0,
              "n_spectra": 7959
            },
            "fit": {
              "delta_mz": -0.00016847475436065906,
              "delta_ppm": -0.731957283612992,
              "intensity": 3966591502.1686997,
              "mz": 230.17003152524563,
              "sigma": 0.0001155203610867489
            },
            "mode_bin": {
              "ibin": 650850,
              "intensity": 3823123200.0,
              "mz": 230.1700000043212,
              "n_spectra": 3673
            }
          },
          "type": "TMT"
        },
        "TMTpro": {
          "initial_window": 0.01,
          "mz": 305.2144,
          "peak": {
            "assessment": {
              "comment": "Too few peaks found in ROI",
              "fraction": 0.0,
              "is_found": false
            },
            "extended": {
              "extent": 1,
              "intensity": 475997.96875,
              "n_spectra": 1
            },
            "mode_bin": {
              "ibin": 1026054,
              "intensity": 475997.96875,
              "mz": 305.2108000068123,
              "n_spectra": 1
            }
          },
          "type": "TMTpro"
        },
        "TMTpro+H2O": {
          "initial_window": 0.01,
          "mz": 323.22499,
          "peak": {
            "assessment": {
              "comment": "Too few peaks found in ROI",
              "fraction": 0.0,
              "is_found": false
            },
            "extended": {
              "extent": 2,
              "intensity": 366053.384765625,
              "n_spectra": 2
            },
            "mode_bin": {
              "ibin": 1116106,
              "intensity": 344440.84375,
              "mz": 323.2212000074102,
              "n_spectra": 1
            }
          },
          "type": "TMTpro"
        },
        "iTRAQ4_nterm": {
          "initial_window": 0.01,
          "mz": 145.109,
          "peak": {
            "assessment": {
              "comment": "Too few peaks found in ROI",
              "fraction": 0.0,
              "is_found": false
            },